{"cameraMode":{"drawMode":0,"name":"Shaded","section":"Shading Mode"},"sceneLighting":false,"audioPlay":false,"sceneViewState":{"showFog":true,"showMaterialUpdate":false,"showSkybox":false,"showFlares":true,"showImageEffects":true,"showParticleSystems":true},"in2DMode":false,"pivot":{"x":-1.7944369316101075,"y":-0.47697579860687258,"z":4.92708158493042},"rotation":{"x":-0.2637912631034851,"y":0.6247517466545105,"z":-0.23687858879566194,"w":-0.6957342624664307},"size":4.983042240142822,"orthographic":false}