{"cameraMode":{"drawMode":0,"name":"Shaded","section":"Shading Mode"},"sceneLighting":false,"audioPlay":false,"sceneViewState":{"showFog":true,"showMaterialUpdate":false,"showSkybox":false,"showFlares":true,"showImageEffects":true,"showParticleSystems":true},"in2DMode":false,"pivot":{"x":0.718025267124176,"y":0.6377449035644531,"z":0.32108399271965029},"rotation":{"x":0.030671579763293268,"y":-0.9022568464279175,"z":0.42521631717681887,"w":0.0650833323597908},"size":2.4925293922424318,"orthographic":false}