{"cameraMode":{"drawMode":0,"name":"Shaded","section":"Shading Mode"},"sceneLighting":false,"audioPlay":false,"sceneViewState":{"showFog":true,"showMaterialUpdate":false,"showSkybox":false,"showFlares":true,"showImageEffects":true,"showParticleSystems":true},"in2DMode":false,"pivot":{"x":-0.1069217100739479,"y":0.34136679768562319,"z":0.8360229730606079},"rotation":{"x":-0.03856944292783737,"y":-0.9423880577087402,"z":0.11679518222808838,"w":-0.31114089488983157},"size":1.3578839302062989,"orthographic":false}