{"cameraMode":{"drawMode":0,"name":"Shaded","section":"Shading Mode"},"sceneLighting":true,"audioPlay":false,"sceneViewState":{"showFog":true,"showMaterialUpdate":false,"showSkybox":true,"showFlares":true,"showImageEffects":true,"showParticleSystems":true},"in2DMode":false,"pivot":{"x":54.83270263671875,"y":3.2634196281433107,"z":35.502410888671878},"rotation":{"x":-0.09445883333683014,"y":-0.4464482069015503,"z":0.04746154323220253,"w":-0.8885495066642761},"size":0.8660253882408142,"orthographic":false}