{"cameraMode":{"drawMode":0,"name":"Shaded","section":"Shading Mode"},"sceneLighting":true,"audioPlay":false,"sceneViewState":{"showFog":true,"showMaterialUpdate":false,"showSkybox":true,"showFlares":true,"showImageEffects":true,"showParticleSystems":true},"in2DMode":false,"pivot":{"x":-1.9718594551086426,"y":-18.42584228515625,"z":15.72371768951416},"rotation":{"x":-0.4098716676235199,"y":0.020517880097031595,"z":-0.00923626497387886,"w":-0.9119077324867249},"size":28.415857315063478,"orthographic":false}