{"cameraMode":{"drawMode":0,"name":"Shaded","section":"Shading Mode"},"sceneLighting":true,"audioPlay":false,"sceneViewState":{"showFog":true,"showMaterialUpdate":false,"showSkybox":true,"showFlares":true,"showImageEffects":true,"showParticleSystems":true},"in2DMode":false,"pivot":{"x":22.62152671813965,"y":-32.69975280761719,"z":54.59111785888672},"rotation":{"x":-0.2648106813430786,"y":-0.19645309448242188,"z":0.05520382896065712,"w":-0.9424862861633301},"size":89.40701293945313,"orthographic":false}