{"cameraMode":{"drawMode":0,"name":"Shaded","section":"Shading Mode"},"sceneLighting":false,"audioPlay":false,"sceneViewState":{"showFog":true,"showMaterialUpdate":false,"showSkybox":false,"showFlares":true,"showImageEffects":true,"showParticleSystems":true},"in2DMode":false,"pivot":{"x":-0.14630430936813355,"y":0.39796996116638186,"z":1.5350464582443238},"rotation":{"x":-0.022264864295721055,"y":-0.9762653708457947,"z":0.12278161942958832,"w":-0.1770394742488861},"size":0.8660253882408142,"orthographic":false}