{"cameraMode":{"drawMode":0,"name":"Shaded","section":"Shading Mode"},"sceneLighting":false,"audioPlay":false,"sceneViewState":{"showFog":true,"showMaterialUpdate":false,"showSkybox":false,"showFlares":true,"showImageEffects":true,"showParticleSystems":true},"in2DMode":false,"pivot":{"x":-0.9505558609962463,"y":1.5645883083343506,"z":-0.5651429891586304},"rotation":{"x":-0.20081870257854463,"y":-0.1579217165708542,"z":0.03282377868890762,"w":-0.9662836194038391},"size":2.8578836917877199,"orthographic":false}