{"cameraMode":{"drawMode":0,"name":"Shaded","section":"Shading Mode"},"sceneLighting":false,"audioPlay":false,"sceneViewState":{"showFog":true,"showMaterialUpdate":false,"showSkybox":false,"showFlares":true,"showImageEffects":true,"showParticleSystems":true},"in2DMode":false,"pivot":{"x":-0.8911182880401611,"y":1.8925429582595826,"z":1.0030559301376343},"rotation":{"x":0.33378085494041445,"y":0.6618052124977112,"z":-0.519413948059082,"w":0.42534691095352175},"size":1.5073950290679932,"orthographic":false}