{"cameraMode":{"drawMode":0,"name":"Shaded","section":"Shading Mode"},"sceneLighting":true,"audioPlay":false,"sceneViewState":{"showFog":true,"showMaterialUpdate":false,"showSkybox":true,"showFlares":true,"showImageEffects":true,"showParticleSystems":true},"in2DMode":false,"pivot":{"x":-62.65352249145508,"y":-71.01457977294922,"z":49.578712463378909},"rotation":{"x":-0.32234251499176028,"y":0.39636653661727908,"z":-0.1509612798690796,"w":-0.8463202714920044},"size":61.0986328125,"orthographic":false}