{"cameraMode":{"drawMode":0,"name":"Shaded","section":"Shading Mode"},"sceneLighting":true,"audioPlay":false,"sceneViewState":{"showFog":true,"showMaterialUpdate":false,"showSkybox":true,"showFlares":true,"showImageEffects":true,"showParticleSystems":true},"in2DMode":false,"pivot":{"x":-94.91287994384766,"y":-74.98587036132813,"z":58.01641845703125},"rotation":{"x":-0.267562597990036,"y":0.511674702167511,"z":-0.17151199281215669,"w":-0.7982868552207947},"size":246.27957153320313,"orthographic":false}