{"cameraMode":{"drawMode":0,"name":"Shaded","section":"Shading Mode"},"sceneLighting":true,"audioPlay":false,"sceneViewState":{"showFog":true,"showMaterialUpdate":false,"showSkybox":true,"showFlares":true,"showImageEffects":true,"showParticleSystems":true},"in2DMode":false,"pivot":{"x":54.66764450073242,"y":3.248194456100464,"z":35.68814468383789},"rotation":{"x":-0.10182328522205353,"y":-0.37980762124061587,"z":0.0421065092086792,"w":-0.9184861183166504},"size":0.8660253882408142,"orthographic":false}