{"cameraMode":{"drawMode":0,"name":"Shaded","section":"Shading Mode"},"sceneLighting":false,"audioPlay":false,"sceneViewState":{"showFog":true,"showMaterialUpdate":false,"showSkybox":false,"showFlares":true,"showImageEffects":true,"showParticleSystems":true},"in2DMode":false,"pivot":{"x":0.11488933116197586,"y":-10.212417602539063,"z":6.972711563110352},"rotation":{"x":-0.4766675531864166,"y":-0.07657798379659653,"z":0.04170170798897743,"w":-0.8747986555099487},"size":10.0,"orthographic":false}