{"cameraMode":{"drawMode":0,"name":"Shaded","section":"Shading Mode"},"sceneLighting":false,"audioPlay":false,"sceneViewState":{"showFog":true,"showMaterialUpdate":false,"showSkybox":false,"showFlares":true,"showImageEffects":true,"showParticleSystems":true},"in2DMode":false,"pivot":{"x":1.7046335935592652,"y":1.627250075340271,"z":3.0260534286499025},"rotation":{"x":0.05957525223493576,"y":-0.9138827919960022,"z":0.14542925357818604,"w":0.374385267496109},"size":2.4925293922424318,"orthographic":false}