{"cameraMode":{"drawMode":0,"name":"Shaded","section":"Shading Mode"},"sceneLighting":true,"audioPlay":false,"sceneViewState":{"showFog":true,"showMaterialUpdate":false,"showSkybox":true,"showFlares":true,"showImageEffects":true,"showParticleSystems":true},"in2DMode":false,"pivot":{"x":805.9498901367188,"y":194.99765014648438,"z":-407.9886779785156},"rotation":{"x":-0.19200043380260468,"y":-0.011190184392035008,"z":0.0021858287509530784,"w":-0.981343686580658},"size":70.71067810058594,"orthographic":false}