{"cameraMode":{"drawMode":0,"name":"Shaded","section":"Shading Mode"},"sceneLighting":false,"audioPlay":false,"sceneViewState":{"showFog":true,"showMaterialUpdate":false,"showSkybox":false,"showFlares":true,"showImageEffects":true,"showParticleSystems":true},"in2DMode":false,"pivot":{"x":-12.310761451721192,"y":-12.959648132324219,"z":-2.481292963027954},"rotation":{"x":0.19993196427822114,"y":-0.768273651599884,"z":0.28629741072654726,"w":0.5365119576454163},"size":12.492895126342774,"orthographic":false}