{"cameraMode":{"drawMode":0,"name":"Shaded","section":"Shading Mode"},"sceneLighting":false,"audioPlay":false,"sceneViewState":{"showFog":true,"showMaterialUpdate":false,"showSkybox":false,"showFlares":true,"showImageEffects":true,"showParticleSystems":true},"in2DMode":false,"pivot":{"x":-0.005872786045074463,"y":1.1734704971313477,"z":0.16510367393493653},"rotation":{"x":-0.14747856557369233,"y":-0.7984776496887207,"z":0.21738746762275697,"w":-0.5417009592056274},"size":2.4928581714630129,"orthographic":false}